{
  "ResNet50V2": {
    "train_loss": [
      0.9137379984805173,
      0.8831598457276627,
      0.8744247059674527,
      0.8664393033771639,
      0.8634146293716244,
      0.8563986122850875,
      0.8439546240317705,
      0.8344415946096084,
      0.8298844353626528,
      0.823387878592026,
      0.8187534602826115,
      0.8130108455638932,
      0.8119338992315706,
      0.8068312293203723,
      0.8063273344686442,
      0.8022173355524626,
      0.8013173466129684,
      0.8013226014322294,
      0.8003934815962851,
      0.8010142654884328
    ],
    "val_loss": [
      0.8910788991366433,
      0.8767121293013462,
      0.8691982470648119,
      0.864477811737007,
      0.8604356080070417,
      0.8463971159989467,
      0.8374513895547345,
      0.8322480010350098,
      0.8252213290903005,
      0.8193357933717274,
      0.8167226228597906,
      0.8150397916969735,
      0.8117683156487647,
      0.8083308193176874,
      0.8077425100327877,
      0.806451399590862,
      0.803880212375064,
      0.8048850309926919,
      0.8042748116989261,
      0.8060497564825226
    ],
    "val_auc": [
      0.6977258385134093,
      0.7120980970112011,
      0.7198253929486328,
      0.7229255560670034,
      0.7254215020539553,
      0.7347203927630963,
      0.7421250383888964,
      0.7465268474190319,
      0.7537702911637336,
      0.7574629289384972,
      0.7608162073557118,
      0.7622468415818235,
      0.7618296491325541,
      0.7667142616522153,
      0.7659362677145869,
      0.7662387198593434,
      0.7684689991215631,
      0.7683040710953136,
      0.7681313554811365,
      0.7682172421362345
    ],
    "lr": [
      0.001,
      0.001,
      0.001,
      0.001,
      0.001,
      1e-05,
      9.890738003669029e-06,
      9.567727288213005e-06,
      9.045084971874738e-06,
      8.345653031794292e-06,
      7.5e-06,
      6.545084971874738e-06,
      5.522642316338269e-06,
      4.477357683661735e-06,
      3.4549150281252644e-06,
      2.500000000000002e-06,
      1.654346968205711e-06,
      9.549150281252635e-07,
      4.3227271178699523e-07,
      1.092619963309716e-07
    ]
  },
  "ViT_B16": {
    "train_loss": [
      0.923207853668967,
      0.8947240447425299,
      0.8905992830590821,
      0.8864894665243765,
      0.8835468244911794,
      0.7956607554120039,
      0.736944198620533,
      0.7055961467107267,
      0.6768679072540436,
      0.6464203078093474,
      0.612854188289918,
      0.5724922738823712,
      0.5317440904458494,
      0.4872714440165397
    ],
    "val_loss": [
      0.8974738040666902,
      0.9321900501791458,
      0.8965278783820095,
      0.8874482775895337,
      0.8889081072383159,
      0.7544843791408485,
      0.7400544707136654,
      0.7362693858224801,
      0.7417593075429902,
      0.7466705814701564,
      0.7607596786448572,
      0.7877316360225838,
      0.8974241714240906,
      0.9615113450291005
    ],
    "val_auc": [
      0.7257109939069466,
      0.7328051349874868,
      0.7317960121116586,
      0.7375634487882216,
      0.7379597647703164,
      0.8074125763916029,
      0.8160875154031011,
      0.8253151964349198,
      0.8246056503280642,
      0.8239892590132677,
      0.816194324063852,
      0.812211644434529,
      0.80117613454202,
      0.79702426249269
    ],
    "lr": [
      0.001,
      0.001,
      0.001,
      0.001,
      0.001,
      1e-05,
      9.890738003669029e-06,
      9.567727288213005e-06,
      9.045084971874738e-06,
      8.345653031794292e-06,
      7.5e-06,
      6.545084971874738e-06,
      5.522642316338269e-06,
      4.477357683661735e-06
    ]
  },
  "EfficientNetV2B0": {
    "train_loss": [
      0.9520135617993942,
      0.8907359624675897,
      0.8743090945317225,
      0.8658013301825679,
      0.8599430099979092,
      0.8269022390828847,
      0.7969333463096657,
      0.7782823832930105,
      0.7599321724634606,
      0.745434577464572,
      0.7338561323328787,
      0.7249681454770728,
      0.7173294921918296,
      0.7099007582504314,
      0.704653894073703,
      0.6996294967830181,
      0.695887821225953,
      0.6938221058671754,
      0.692949412178236,
      0.6918011226415246
    ],
    "val_loss": [
      0.9109131632449475,
      0.8885999937517366,
      0.8708880540360225,
      0.8736954284517953,
      0.8616848388749562,
      0.8244190403305636,
      0.8032131429747695,
      0.7894716393690877,
      0.7760321683763118,
      0.7743031866150849,
      0.7666732174403659,
      0.7617681849371182,
      0.7600808603486765,
      0.757222529682104,
      0.7581742427936208,
      0.7589974407567067,
      0.757253086159515,
      0.7649743086501454,
      0.7586746616254139,
      0.7597507667005732
    ],
    "val_auc": [
      0.682068150338834,
      0.7001937230412433,
      0.7089262129662182,
      0.7154738970415433,
      0.7179920512975966,
      0.7514486654075301,
      0.76623478546648,
      0.7784161993433002,
      0.7851259149652957,
      0.7904170673371527,
      0.7950092063812263,
      0.7974960828275894,
      0.7997642464727975,
      0.8007474278067986,
      0.8006970963937358,
      0.8009201377154952,
      0.8007040499395188,
      0.8014255840212449,
      0.80056276485375,
      0.8008556764567243
    ],
    "lr": [
      0.001,
      0.001,
      0.001,
      0.001,
      0.001,
      1e-05,
      9.890738003669029e-06,
      9.567727288213005e-06,
      9.045084971874738e-06,
      8.345653031794292e-06,
      7.5e-06,
      6.545084971874738e-06,
      5.522642316338269e-06,
      4.477357683661735e-06,
      3.4549150281252644e-06,
      2.500000000000002e-06,
      1.654346968205711e-06,
      9.549150281252635e-07,
      4.3227271178699523e-07,
      1.092619963309716e-07
    ]
  }
}